<?xml version="1.0" encoding="UTF-8"?>
<project-private xmlns="http://www.netbeans.org/ns/project-private/1">
    <editor-bookmarks xmlns="http://www.netbeans.org/ns/editor-bookmarks/2" lastBookmarkId="0"/>
    <open-files xmlns="http://www.netbeans.org/ns/projectui-open-files/2">
        <group>
            <file>file:/C:/Users/PeaceFull/Documents/Algorithm_Assignment_2/Algorithm_Assignment_2/src/Business/ScheduledTask.java</file>
            <file>file:/C:/Users/PeaceFull/Documents/Algorithm_Assignment_2/Algorithm_Assignment_2/src/Business/Server.java</file>
            <file>file:/C:/Users/PeaceFull/Documents/Algorithm_Assignment_2/Algorithm_Assignment_2/src/Interface/MainJFrame.java</file>
            <file>file:/C:/Users/PeaceFull/Documents/Algorithm_Assignment_2/Algorithm_Assignment_2/src/Business/Elasticity.java</file>
            <file>file:/C:/Users/PeaceFull/Documents/Algorithm_Assignment_2/Algorithm_Assignment_2/src/Interface/UserInputJPanel.java</file>
            <file>file:/C:/Users/PeaceFull/Documents/Algorithm_Assignment_2/Algorithm_Assignment_2/src/Business/SchedulerMain.java</file>
        </group>
    </open-files>
</project-private>
